GIÀY ?Á BÓNG PREDATOR EDGE.3 FIRM GROUND,1700000,sanpham1.jpg,"KI?M SOÁT T?NG CÚ SÚT V?I ?ÔI GIÀY ?Á BÓNG SÂN C? T? NHIÊN ADIDAS NÀY.
??o h??ng th?n t?c. Ki?m soát th?n s?u. Phô bày s?c m?nh. Giày adidas Predator bao trùm m?i khía c?nh. Hãy ra sân và giành l?i th? v?i ?ôi giày ?á bóng sân c? t? nhiên dành cho thi?u niên này. Trên thân giày b?ng ch?t li?u t?ng h?p m?m m?i, vân bám Control Zone h? tr? b?n trong t?ng cú ch?m bóng. Bên d??i là ?? ngoài b?ng TPU góc c?nh, b?t m?t giúp b?n làm ch? sân c? khô t? nhiên.",40,Adidas,63
GIÀY ?Á BÓNG FIRM GROUND LOW PREDATOR EDGE.1,5590000,sanpham2.jpg,"LÀM CH? TRÁI BÓNG V?I ?ÔI GIÀY ?Á BÓNG ADIDAS C? TH?P NÀY. ??o h??ng th?n t?c. Ki?m soát th?n s?u. Phô bày s?c m?nh. Giày adidas Predator bao trùm m?i khía c?nh. Hãy ra sân và giành l?i th? v?i ?ôi giày ?á bóng sân c? t? nhiên này. Phía trên là thân giày Zone Skin c? th?p có các vùng gân s?c ?n, m?i vùng phù h?p cho m?t ki?u ch?m bóng khác nhau. Phía d??i là khung Power Facet d?ch chuy?n tr?ng tâm v? phía m?i giày làm nên nh?ng cú sút d? d?i. C? giày adidas PRIMEKNIT thích ?ng và ôm chân ch?c ch?n ?? b?n làm ch? kh? n?ng gi? bóng.",41,Adidas Predator,23
PREDATOR EDGE.3 TF J,1700000,sanpham3.jpg,"LÀM CH? TRÁI BÓNG V?I ?ÔI GIÀY ?Á BÓNG ADIDAS C? TH?P NÀY. ??o h??ng th?n t?c. Ki?m soát th?n s?u. Phô bày s?c m?nh. Giày adidas Predator bao trùm m?i khía c?nh. Hãy ra sân và giành l?i th? v?i ?ôi giày ?á bóng sân c? t? nhiên này. Phía trên là thân giày Zone Skin c? th?p có các vùng gân s?c ?n, m?i vùng phù h?p cho m?t ki?u ch?m bóng khác nhau. Phía d??i là khung Power Facet d?ch chuy?n tr?ng tâm v? phía m?i giày làm nên nh?ng cú sút d? d?i. C? giày adidas PRIMEKNIT thích ?ng và ôm chân ch?c ch?n ?? b?n làm ch? kh? n?ng gi? bóng.",39,Adidas Predator,50
GIÀY ?Á BÓNG PREDATOR EDGE.1 LOW FIRM GROUND,5000000,sanpham4.jpg,"?ÔI GIÀY ?Á BÓNG C? TH?P GIÚP B?N KI?M SOÁT T?NG TH?I KH?C TR?N ??U. ??o h??ng th?n t?c. S?c m?nh bùng n?. Ki?m soát th?n s?u. V?i nh?ng l?i th? ?ó trên ?ôi chân, sân bóng luôn ng?p tràn c? h?i. Ti?p c?n bóng ?á t? m?t góc ?? hoàn toàn m?i v?i ?ôi giày adidas Predator. Thân giày Zone Skin trên ?ôi giày ?á bóng này có các vùng vân n?i ?n kín, phù h?p v?i nhi?u ki?u ch?m bóng khác nhau. M?i giày Power Facet phân b? tr?ng l??ng ti?p thêm s?c m?nh ??t phá cho nh?ng ???ng bóng t?n công. C? giày adidas PRIMEKNIT th?p và thích ?ng theo hình dáng bàn chân giúp b?n luôn v?ng vàng.",42,Adidas X,60
GIÀY BÓNG ?Á PREDATOR MUTATOR 20.3 TURF,650000,sanpham5.jpg,GIÀY BÓNG ?Á C? L?NG CHO ?? CHÍNH XÁC CAO TRÊN M?T SÂN C? NHÂN T?O. S? t? tin c?a b?n nghi?n nát ??i th?. T?m nhìn c?a b?n không cho h? ?n n?p. T?n d?ng l?i th? v??t tr?i và làm ch? cu?c ch?i v?i ?ôi giày bóng ?á thi?u niên adidas Predator Mutator 20.3 này. Thân giày ôm chân và thi?t k? c? l?ng nâng ?? ?ôi chân b?n t?i t?n khi ti?ng còi mãn cu?c c?t lên. Các vân n?i in 3D trên ph?n m?i chân giúp b?n ki?m soát trái bóng.,38,Adidas Predator,40
GIÀY ?Á BÓNG PREDATOR EDGE.3 FIRM GROUND,1125000,sanpham6.jpg,"?ÔI GIÀY ?Á BÓNG GIÚP T?NG C??NG KH? N?NG KI?M SOÁT BÓNG, CÓ S? D?NG THÀNH PH?N TÁI CH?. ??o h??ng th?n t?c. Phô di?n s?c m?nh. Ki?m soát th?n s?u. V?i nh?ng l?i th? ?ó trên ?ôi chân, sân bóng luôn ng?p tràn c? h?i. Ti?p c?n bóng ?á t? m?t góc ?? hoàn toàn m?i v?i ?ôi giày adidas Predator. ?ôi giày ?á bóng thi?u niên này giúp b?n ki?m soát trái bóng nh? thân giày Control Zone có các vùng vân t?ng c??ng ?? bám ???c b? trí h?p lý. ?? ngoài ?a góc ??y ?n t??ng giúp b?n ki?m soát th? tr?n trên sân c? t? nhiên.",40,Adidas,80
GIÀY ?Á BÓNG PREDATOR EDGE.3 LOW FIRM GROUND,1425000,sanpham7.jpg,"?ÔI GIÀY ?Á BÓNG C? TH?P GIÚP T?NG C??NG KH? N?NG KI?M SOÁT ?? LÀM CH? TR?N ??U TRÊN SÂN C? T? NHIÊN. ??o h??ng th?n t?c. S?c m?nh bùng n?. Ki?m soát th?n s?u. V?i nh?ng l?i th? ?ó trên ?ôi chân, sân bóng luôn ng?p tràn c? h?i. Ti?p c?n bóng ?á t? m?t góc ?? hoàn toàn m?i v?i ?ôi giày adidas Predator. ?ôi giày ?á bóng c? th?p này giúp b?n làm ch? trái bóng nh? thân giày Control Zone có các vùng vân t?ng c??ng ?? bám ???c b? trí h?p lý. ?? ngoài ?a góc ??y ?n t??ng giúp b?n ki?m soát th? tr?n trên sân c? t? nhiên.",41,Adidas,78
GIÀY BÓNG ?Á PREDATOR MUTATOR 20.1 FIRM GROUND,2250000,sanpham8.jpg,"GIÀY BÓNG ?Á C? L?NG CHO KH? N?NG KI?M SOÁT V??T TR?I TRÊN SÂN C? T? NHIÊN. B?n không h? ch?i ?n gian. B?n ch? ?ang lách lu?t. Tìm ki?m l?i th? và thay ??i c?c di?n tr?n ??u v?i ?ôi giày adidas Predator hoàn toàn m?i. Thân giày b?ng v?i d?t kim ôm v?a v?n 360 ?? quanh bàn chân, cùng thi?t k? c? l?ng nâng ?? vùng c? chân. Gai cao su bám bóng t?o ?? xoáy v??t tr?i, cùng ?? ngoài phân tách giúp b?n chi?m ?u th?. Làm ch? th? tr?n v?i ?ôi giày bóng ?á Predator Mutator 20.1 Firm Ground.",41,Adidas X,56
GIÀY BÓNG ?Á SÂN C? T? NHIÊN PREDATOR FREAK.1,2500000,sanpham9.jpg,LÀM CH? TR?N ??U TRÊN SÂN C? T? NHIÊN V?I ?ÔI GIÀY BÓNG ?Á C? TH?P NÀY. M?i khi v??t qua ???ng biên tr?ng là b?n b??c vào m?t th? gi?i hoàn toàn m?i. M?t th?c t?i song song n?i b?n có toàn quy?n quy?t ??nh. Sân bóng thu?c quy?n ki?m soát c?a b?n. Bung t?a n?i l?c d? d?i trong b?n v?i ?ôi giày adidas Predator. ?ôi giày bóng ?á này có thi?t k? c? th?p và c? giày không ???ng may ?? b?n x? chân d? dàng. Thân giày adidas Primeknit ôm chân giúp c? ??nh ch?c ch?n. Ph?n ph? gai Demonskin 2.0 m? r?ng ??y táo b?o ??m b?o tác ??ng c?a b?n lên bóng c?ng m?nh m? không kém tác ??ng c?a b?n ??i lên ??i th?.,42,Adidas Predator,92
GIÀY BÓNG ?Á SÂN C? T? NHIÊN PREDATOR FREAK.3,750000,sanpham10.jpg,?ÔI GIÀY BÓNG ?Á C? L?NG GIÚP B?N LÀM CH? TR?N ??U TRÊN SÂN C? T? NHIÊN. M?i khi v??t qua ???ng biên tr?ng là b?n b??c vào m?t th? gi?i hoàn toàn m?i. M?t th?c t?i song song n?i b?n có toàn quy?n quy?t ??nh. Sân bóng thu?c quy?n ki?m soát c?a b?n. Bung t?a n?i l?c d? d?i trong b?n v?i ?ôi giày adidas Predator. Thân giày b?ng ch?t li?u t?ng h?p m?m m?i giúp ?ôi giày bóng ?á thi?u niên này luôn tho?i mái và b?n ch?c. Thi?t k? c? l?ng nâng ?? c? chân. Các chi ti?t Demonscale in 3D ph? r?ng t?o ?? bám bóng giúp b?n luôn ki?m soát t?t trong m?i tr?n ??u.,40,Adidas X,11
